id,fullName,address,phoneNumber
216552800,Ильин Геннадий Иванович,Йошкар-Ола,+7 (965) 825-93-62
216552801,Соловьёв Адольф Платонович,Новоуральск,+7 (912) 328-52-87
216552802,Цветков Федор Аркадьевич,Омск,+7 (972) 436-16-97
216552803,Селезнёва Неонила Филатовна,Первоуральск,+7 (935) 688-48-54
216552804,Андреев Тихон Митрофанович,Ишимбай,+7 (947) 759-17-19
216552805,Устинова Сандра Степановна,Тобольск,+7 (970) 840-60-88
216552806,Мышкина Ветта Геннадиевна,Сызрань,+7 (948) 741-35-87
216552807,Гурьев Евгений Кириллович,Астрахань,+7 (922) 619-41-39
216552808,Федосеева Эстелла Аркадьевна,Фрязево,+7 (947) 781-81-95
216552809,Попов Арсен Егорович,Братск,+7 (967) 340-83-96
216552810,Фомин Власий Святославович,Ивантеевка,+7 (994) 405-48-43
216552811,Блохин Ибрагил Федотович,Тимашевск,+7 (972) 863-79-26
216552812,Ефимов Флор Викторович,Россошь,+7 (975) 423-80-40
216552813,Симонов Вилен Станиславович,Череповец,+7 (936) 756-25-78
216552814,Лихачёва Владлена Германовна,Екатеринбург,+7 (960) 419-99-32
216552815,Молчанов Вениамин Валентинович,Долгопрудный,+7 (962) 558-41-47
216552816,Константинова Арина Иосифовна,Балашов,+7 (953) 445-29-11
216552817,Кудрявцев Давид Глебович,Нижнекамск,+7 (918) 183-16-76
216552818,Суворов Валентин Ярославович,Хабаровск,+7 (932) 660-68-90
216552819,Калашникова Тереза Макаровна,Заречный,+7 (974) 135-36-11
